CustomerID,ChurnProbability,PredictedChurn
1024-GUALD,0.725,True
0484-JPBRU,0.04,False
3620-EHIMZ,0.015,False
6910-HADCM,0.725,True
8587-XYZSF,0.06,False
6818-WOBHJ,0.26,False
3082-YVEKW,0.07,False
4737-AQCPU,0.035,False
4853-RULSV,0.14,False
5766-ZJYBB,0.325,False
2668-TZSPS,0.15,False
3192-LNKRK,0.265,False
5315-CKEQK,0.185,False
5914-DVBWJ,0.56,True
7998-ZLXWN,0.06,False
6328-ZPBGN,0.78,True
9530-EHPOH,0.33,False
1853-UDXBW,0.83,True
2672-TGEFF,0.235,False
1902-XBTFB,0.38,False
1640-PLFMP,0.91,True
3679-XASPY,0.36,False
7356-IWLFW,0.18,False
9036-CSKBW,0.195,False
8952-WCVCD,0.36,False
2100-BDNSN,0.275,False
2869-ADAWR,0.315,False
5832-EXGTT,0.105,False
9402-ORRAH,0.635,True
4967-WPNCF,0.0,False
8033-VCZGH,0.255,False
9392-XBGTD,0.005,False
0078-XZMHT,0.015,False
0743-HNPFG,0.1,False
5334-JLAXU,0.145,False
5696-EXCYS,0.01,False
2569-WGERO,0.005,False
5219-YIPTK,0.49,False
5553-AOINX,0.205,False
5502-RLUYV,0.38,False
2058-DCJBE,0.625,True
2293-IJWPS,0.31,False
7130-VTEWQ,0.69,True
0080-EMYVY,0.1,False
0148-DCDOS,0.36,False
9170-ARBTB,0.0,False
2070-FNEXE,0.325,False
5364-EVNIB,0.615,True
1112-CUNAO,0.585,True
4576-CSAJH,0.135,False
9967-ATRFS,0.01,False
1360-RCYRT,0.145,False
5038-ETMLM,0.025,False
5663-QBGIS,0.22,False
4194-WHFCB,0.19,False
9481-WHGWY,0.03,False
5453-YBTWV,0.035,False
2018-PZKMU,0.37,False
9277-JOOMO,0.095,False
3629-ZNKXA,0.59,True
0369-ZGOVK,0.26,False
3604-WLABM,0.15,False
4063-EIKNQ,0.06,False
2878-RMWXY,0.05,False
9540-JYROE,0.295,False
7515-LODFU,0.0,False
1839-FBNFR,0.005,False
5397-NSKQG,0.025,False
1755-FZQEC,0.0,False
2160-GPFXD,0.02,False
4415-IJZTP,0.87,True
9880-TDQAC,0.045,False
5138-WVKYJ,0.515,True
8844-TONUD,0.425,False
0080-OROZO,0.335,False
0953-LGOVU,0.145,False
5325-UWTWJ,0.155,False
1074-AMIOH,0.24,False
5906-BFOZT,0.425,False
7026-YMSBE,0.005,False
6572-ADKRS,0.195,False
5922-ABDVO,0.195,False
6475-VHUIZ,0.195,False
1324-NLTJE,0.275,False
4361-FEBGN,0.0,False
8393-DLHGA,0.285,False
6769-DCQLI,0.25,False
3018-TFTSU,0.19,False
2324-AALNO,0.03,False
2300-RQGOI,0.0,False
6133-OZILE,0.41,False
7605-SNLQG,0.13,False
5348-CAGXB,0.645,True
0201-MIBOL,0.175,False
7083-MIOPC,0.0,False
0562-KBDVM,0.01,False
1173-NOEYG,0.23,False
7698-YFGEZ,0.4,False
9061-TIHDA,0.785,True
0016-QLJIS,0.0,False
7296-PIXQY,0.44,False
9102-IAYHT,0.48,False
6447-EGDIV,0.025,False
3460-TJBWI,0.01,False
3744-ZBHON,0.225,False
1092-GANHU,0.39,False
3948-KXDUF,0.01,False
7284-ZZLOH,0.045,False
6745-JEFZB,0.235,False
2606-PKWJB,0.04,False
1624-WOIWJ,0.38,False
8777-PVYGU,0.05,False
4770-QAZXN,0.02,False
8012-SOUDQ,0.44,False
5546-BYZSM,0.06,False
0523-VNGTF,0.245,False
3779-OSWCF,0.005,False
8535-SFUTN,0.345,False
2320-SLKMB,0.12,False
7169-YWAMK,0.045,False
8434-PNQZX,0.045,False
4981-FLTMF,0.04,False
9424-CMPOG,0.005,False
3627-FCRDW,0.365,False
1518-OMDIK,0.15,False
8393-JMVMB,0.32,False
7638-QVMVY,0.795,True
6140-QNRQQ,0.605,True
7969-FFOWG,0.0,False
1342-JPNKI,0.63,True
7080-TNUWP,0.145,False
8949-JTMAY,0.35,False
0654-HMSHN,0.42,False
2725-KXXWT,0.74,True
2439-QKJUL,0.125,False
1935-IMVBB,0.43,False
4628-WQCQQ,0.305,False
3724-BSCVH,0.005,False
7605-BDWDC,0.035,False
7137-RYLPP,0.48,False
3207-OYBWH,0.25,False
4707-YNOQA,0.01,False
6956-SMUCM,0.555,True
8714-CTZJW,0.56,True
3662-FXJFO,0.0,False
7623-HKYRK,0.015,False
1353-GHZOS,0.075,False
3323-CPBWR,0.25,False
6152-ONASV,0.01,False
9251-AWQGT,0.0,False
4803-LBYPN,0.025,False
8879-ZKJOF,0.03,False
7354-OIJLX,0.59,True
9129-UXERG,0.45,False
5302-BDJNT,0.305,False
7148-XZPHA,0.16,False
2651-ZCBXV,0.225,False
1304-NECVQ,0.86,True
3374-TTZTK,0.16,False
0229-LFJAF,0.015,False
1304-BCCFO,0.365,False
0455-XFASS,0.57,True
0221-WMXNQ,0.31,False
2882-WDTBA,0.025,False
8069-RHUXK,0.025,False
4806-KEXQR,0.645,True
2817-NTQDO,0.16,False
3230-IUALN,0.03,False
6500-JVEGC,0.1,False
7103-ZGVNT,0.075,False
1837-YQUCE,0.01,False
4800-VHZKI,0.34,False
3887-PBQAO,0.01,False
5177-RVZNU,0.03,False
1729-VLAZJ,0.05,False
4273-MBHYA,0.765,True
8690-UPCZI,0.095,False
6374-NTQLP,0.07,False
1618-CFHME,0.76,True
4104-PVRPS,0.08,False
4210-QFJMF,0.745,True
5787-KXGIY,0.01,False
3088-LHEFH,0.315,False
8896-RAZCR,0.01,False
7268-WNTCP,0.005,False
5854-KSRBJ,0.0,False
9907-SWKKF,0.525,True
3932-CMDTD,0.365,False
5277-ZLOOR,0.8,True
2746-DIJLO,0.12,False
9174-FKWZE,0.36,False
9919-FZDED,0.025,False
9488-FYQAU,0.085,False
6869-FGJJC,0.08,False
3349-ANQNH,0.51,True
0222-CNVPT,0.22,False
6900-PXRMS,0.46,False
0230-WEQUW,0.015,False
7629-WFGLW,0.095,False
2235-EZAIK,0.015,False
5119-NZPTV,0.6,True
4282-MSACW,0.295,False
7711-YIJWC,0.075,False
8749-CLJXC,0.38,False
7636-XUHWW,0.17,False
0883-EIBTI,0.075,False
4098-NAUKP,0.43,False
0701-TJSEF,0.135,False
0689-NKYLF,0.455,False
9867-NNXLC,0.025,False
9337-SRRNI,0.01,False
1850-AKQEP,0.045,False
5600-KTXFM,0.625,True
7055-HNEOJ,0.41,False
2462-XIIJB,0.79,True
7277-KAMWT,0.005,False
7691-KGKGP,0.07,False
7808-DVWEP,0.205,False
2379-GYFLQ,0.125,False
7325-ENZFI,0.045,False
8800-ZKRFW,0.46,False
9133-AYJZG,0.485,False
6772-WFQRD,0.015,False
9670-BPNXF,0.2,False
2675-IJRGJ,0.05,False
4829-ZLJTK,0.06,False
9950-MTGYX,0.005,False
9755-JHNMN,0.04,False
3746-EUBYR,0.81,True
7929-DMBCV,0.18,False
9640-ZSLDC,0.125,False
7197-VOJMM,0.02,False
2696-NARTR,0.415,False
0689-DSXGL,0.115,False
7294-TMAOP,0.895,True
6177-PEVRA,0.125,False
7410-YTJIK,0.505,True
1410-RSCMR,0.16,False
8800-JOOCF,0.52,True
4526-EXKKN,0.005,False
0813-TAXXS,0.08,False
2320-TZRRH,0.0,False
0841-NULXI,0.88,True
2725-TTRIQ,0.025,False
4778-IZARL,0.09,False
2535-PBCGC,0.01,False
3629-WEAAM,0.2,False
6128-CZOMY,0.82,True
9227-UAQFT,0.02,False
0804-XBFBV,0.32,False
4503-BDXBD,0.3,False
9626-VFRGG,0.28,False
4994-OBRSZ,0.06,False
3654-ARMGP,0.015,False
0829-XXPLX,0.25,False
8938-UMKPI,0.41,False
4854-SSLTN,0.19,False
9720-JJJOR,0.075,False
1926-QUZNN,0.0,False
4900-MSOMT,0.0,False
8910-ICHIU,0.155,False
4892-VLANZ,0.365,False
0076-LVEPS,0.125,False
1666-JXLKU,0.565,True
4003-FUSHP,0.145,False
7696-AMHOD,0.105,False
8082-GHXOP,0.155,False
5445-GLVOT,0.335,False
5195-KPUNQ,0.14,False
3948-XHGNA,0.175,False
9624-EGDEQ,0.0,False
7551-DACSP,0.415,False
8128-YVJRG,0.32,False
1038-ZAGBI,0.03,False
9153-BTBVV,0.0,False
9470-RTWDV,0.155,False
7554-AKDQF,0.21,False
7241-AJHFS,0.14,False
9633-DENPU,0.07,False
5480-XTFFL,0.01,False
7803-XOCCZ,0.09,False
6549-BTYPG,0.015,False
9114-AAFQH,0.105,False
3572-UUHRS,0.015,False
7666-WKRON,0.195,False
5192-EBGOV,0.74,True
6502-MJQAE,0.935,True
6400-BWQKW,0.315,False
5928-QLDHB,0.615,True
4376-KFVRS,0.01,False
3528-HFRIQ,0.24,False
2718-YSKCS,0.0,False
2434-EEVDB,0.12,False
6506-EYCNH,0.1,False
3396-DKDEL,0.06,False
3269-ATYWD,0.43,False
1159-WFSGR,0.07,False
9835-ZIITK,0.24,False
9279-CJEOJ,0.565,True
4720-VSTSI,0.25,False
1360-JYXKQ,0.305,False
8388-FYNPZ,0.33,False
7868-TMWMZ,0.075,False
3466-RITXD,0.375,False
6427-FEFIG,0.07,False
6518-PPLMZ,0.045,False
6762-NSODU,0.0,False
4355-CVPVS,0.29,False
7629-WIXZF,0.155,False
3049-NDXFL,0.735,True
3566-HJGPK,0.645,True
1460-UZPRJ,0.005,False
3712-PKXZA,0.015,False
1623-NLDOT,0.1,False
5171-EPLKN,0.01,False
5569-KGJHX,0.515,True
7463-IFMQU,0.005,False
3178-CIFOT,0.005,False
1095-JUDTC,0.405,False
3719-TDVQB,0.035,False
4929-XIHVW,0.69,True
8106-GWQOK,0.1,False
4128-ETESU,0.44,False
0661-WCQNQ,0.055,False
4927-WWOOZ,0.76,True
7564-GHCVB,0.04,False
3445-HXXGF,0.285,False
6670-MFRPK,0.065,False
6890-PFRQX,0.095,False
1552-CZCLL,0.025,False
2014-MKGMH,0.31,False
0303-WMMRN,0.105,False
3806-DXQOM,0.49,False
1724-BQUHA,0.575,True
2580-ATZSQ,0.085,False
7945-PRBVF,0.005,False
3898-GUYTS,0.285,False
2832-SCUCO,0.28,False
9779-DPNEJ,0.45,False
4915-BFSXL,0.045,False
5018-LXQQG,0.06,False
1698-XFZCI,0.295,False
1872-EBWSC,0.01,False
4446-BZKHU,0.345,False
4607-CHPCA,0.37,False
9475-NNDGC,0.21,False
3841-CONLJ,0.835,True
2294-DMMUS,0.175,False
5921-NGYRH,0.15,False
1897-OKVMW,0.0,False
5117-IFGPS,0.665,True
3866-MDTUB,0.43,False
1194-SPVSP,0.28,False
6905-NIQIN,0.37,False
6813-GZQCG,0.02,False
9896-UYMIE,0.2,False
8849-GYOKR,0.225,False
5816-JMLGY,0.015,False
3990-QYKBE,0.54,True
6161-UUUTA,0.705,True
0396-UKGAI,0.095,False
0512-FLFDW,0.36,False
2946-KIQSP,0.045,False
0187-WZNAB,0.2,False
6867-ACCZI,0.05,False
7024-OHCCK,0.94,True
6481-OGDOO,0.045,False
7377-DMMRI,0.485,False
1963-VAUKV,0.25,False
5919-TMRGD,0.835,True
6994-ORCWG,0.16,False
5144-TVGLP,0.415,False
0328-GRPMV,0.905,True
2905-KFQUV,0.675,True
8637-XJIVR,0.36,False
5150-LJNSR,0.16,False
4826-DXMUP,0.325,False
3518-FSTWG,0.035,False
2929-ERCFZ,0.52,True
1455-UGQVH,0.81,True
8485-GJCDN,0.505,True
0459-SPZHJ,0.02,False
2169-RRLFW,0.0,False
8818-DOPVL,0.41,False
1207-BLKSA,0.02,False
7593-XFKDI,0.56,True
5393-RXQSZ,0.92,True
5183-KLYEM,0.03,False
0923-PNFUB,0.515,True
4134-BSXLX,0.065,False
1452-XRSJV,0.055,False
4213-HKBJO,0.06,False
7750-EYXWZ,0.11,False
7180-PISOG,0.885,True
1356-MKYSK,0.175,False
1212-GLHMD,0.485,False
7228-OMTPN,0.655,True
7682-AZNDK,0.275,False
6286-SUUWT,0.4,False
3500-RMZLT,0.4,False
4729-XKASR,0.455,False
8364-TRMMK,0.55,True
1000-AJSLD,0.51,True
4393-OBCRR,0.055,False
0942-KOWSM,0.03,False
0870-VEMYL,0.21,False
3454-JFUBC,0.0,False
2592-YKDIF,0.255,False
6941-PMGEP,0.71,True
0511-JTEOY,0.625,True
4323-ELYYB,0.03,False
9500-LTVBP,0.405,False
8120-JDCAM,0.57,True
1335-NTIUC,0.59,True
6563-VNPMN,0.195,False
0668-OGMHD,0.23,False
0311-UNPFF,0.45,False
9282-IZGQK,0.915,True
4695-WJZUE,0.91,True
5527-ACHSO,0.365,False
5140-FOMCQ,0.185,False
0410-IPFTY,0.39,False
1333-PBMXB,0.02,False
1915-OAKWD,0.055,False
5707-ORNDZ,0.295,False
7969-AULMZ,0.665,True
2700-LUEVA,0.09,False
9099-FTUHS,0.295,False
8699-ASUFO,0.675,True
7181-OQCUT,0.41,False
3096-YXENJ,0.085,False
2495-INZWQ,0.68,True
2193-SFWQW,0.035,False
3908-MKIMJ,0.115,False
6736-DHUQI,0.06,False
2868-MZAGQ,0.83,True
8905-IAZPF,0.2,False
1215-FIGMP,0.23,False
0772-GYEQQ,0.375,False
9995-HOTOH,0.13,False
7579-KKLOE,0.005,False
3594-UVONA,0.065,False
6641-XRPSU,0.26,False
5707-ZMDJP,0.02,False
3307-TLCUD,0.16,False
4797-AXPXK,0.295,False
4869-EPIUS,0.36,False
8563-IIOXK,0.225,False
2773-OVBPK,0.25,False
1353-LJWEM,0.15,False
5868-YTYKS,0.27,False
8713-IGZSO,0.09,False
6050-FFXES,0.09,False
9300-RENDD,0.815,True
4183-MYFRB,0.47,False
3339-EAQNV,0.21,False
2545-EBUPK,0.965,True
4990-ALDGW,0.035,False
0970-ETWGE,0.71,True
3671-SHRSP,0.58,True
2308-STERM,0.105,False
1219-NNDDO,0.6,True
3508-CFVZL,0.04,False
3387-PLKUI,0.19,False
9702-AIUJO,0.145,False
8337-UPOAQ,0.765,True
1728-CXQBE,0.23,False
5134-IKDAY,0.855,True
9638-JIQYA,0.555,True
6647-ZEDXT,0.14,False
1579-KLYDT,0.73,True
3985-HOYPM,0.005,False
6705-LNMDD,0.235,False
6917-FIJHC,0.01,False
4640-UHDOS,0.365,False
1414-YADCW,0.08,False
5960-MVTUK,0.49,False
0637-KVDLV,0.815,True
5451-YHYPW,0.0,False
5813-UECBU,0.25,False
9947-OTFQU,0.71,True
1816-FLZDK,0.34,False
3005-NFMTA,0.415,False
4710-NKCAW,0.195,False
4290-BSXUX,0.645,True
6266-QHOJZ,0.11,False
6047-SUHPR,0.065,False
6010-DDPPW,0.0,False
4374-YMUSQ,0.28,False
1958-RNRKS,0.265,False
7176-WIONM,0.645,True
9483-GCPWE,0.015,False
1264-FUHCX,0.13,False
8887-IPQNC,0.285,False
2921-XWDJH,0.41,False
5574-NXZIU,0.14,False
8644-XLFBW,0.675,True
4811-JBUVU,0.335,False
8970-ANWXO,0.14,False
0602-DDUML,0.06,False
5671-RQRLP,0.18,False
9959-WOFKT,0.085,False
1208-NBVFH,0.345,False
6976-BWGLQ,0.0,False
2178-PMGCJ,0.14,False
7610-TVOPG,0.07,False
7240-ETPTR,0.705,True
6518-LGAOV,0.455,False
2826-DXLQO,0.44,False
5949-HGVJL,0.17,False
3489-VSFRD,0.21,False
2812-REYAT,0.03,False
9633-XQABV,0.62,True
4102-OQUPX,0.86,True
2900-PHPLN,0.01,False
9894-QMIMJ,0.045,False
7596-ZYWBB,0.04,False
5440-FLBQG,0.125,False
3063-QFSZL,0.47,False
4873-ILOLJ,0.455,False
3003-CMDUU,0.365,False
7279-NMVJC,0.04,False
6478-HRRCZ,0.065,False
3678-MNGZX,0.0,False
5902-WBLSE,0.0,False
7722-CVFXN,0.17,False
2223-KAGMX,0.135,False
9803-FTJCG,0.06,False
6060-QBMGV,0.0,False
2858-EIMXH,0.325,False
4741-WWJQZ,0.625,True
9845-PEEKO,0.225,False
9167-APMXZ,0.38,False
9800-ONTFE,0.325,False
3621-CHYVB,0.165,False
3177-LASXD,0.77,True
1465-VINDH,0.41,False
2055-SIFSS,0.16,False
0804-YGEQV,0.005,False
3346-BRMIS,0.495,False
3130-ICDUP,0.515,True
0732-OCQOC,0.0,False
4012-YCFAI,0.02,False
7346-MEDWM,0.38,False
7036-TYDEC,0.145,False
6615-NGGZJ,0.745,True
3441-CGZJH,0.095,False
0208-BPQEJ,0.075,False
2229-DPMBI,0.015,False
7159-FVYPK,0.355,False
7544-ZVIKX,0.235,False
6366-XIVKZ,0.145,False
7137-NAXML,0.015,False
7126-RBHSD,0.41,False
1428-IEDPR,0.215,False
9465-RWMXL,0.44,False
2908-ZTPNF,0.135,False
4176-RELJR,0.01,False
3001-UNBTL,0.57,True
6067-NGCEU,0.115,False
2479-BRAMR,0.305,False
3161-ONRWK,0.055,False
6349-JDHQP,0.02,False
1619-YWUBB,0.0,False
2761-OCIAX,0.625,True
2683-JXWQQ,0.13,False
9585-KKMFD,0.0,False
7524-VRLPL,0.03,False
3780-DDGSE,0.135,False
2207-OBZNX,0.085,False
0023-UYUPN,0.075,False
5975-BAICR,0.07,False
2669-OIDSD,0.17,False
8146-QQKZH,0.01,False
2307-FYNNL,0.13,False
2985-FMWYF,0.565,True
5387-ASZNZ,0.15,False
5349-AZPEW,0.35,False
9481-IEBZY,0.16,False
9818-XQCUV,0.055,False
3750-RNQKR,0.015,False
5442-UTCVD,0.655,True
3649-JPUGY,0.02,False
2195-VVRJF,0.245,False
1271-UODNO,0.085,False
0118-JPNOY,0.32,False
9499-XPZXM,0.025,False
7343-EOBEU,0.175,False
3877-JRJIP,0.505,True
5498-TXHLF,0.46,False
3969-GYXEL,0.335,False
5730-DBDSI,0.03,False
2868-SNELZ,0.65,True
7797-EJMDP,0.14,False
4067-HLYQI,0.345,False
4231-LZUYM,0.0,False
3638-WEABW,0.045,False
5060-TQUQN,0.22,False
7802-EFKNY,0.49,False
7576-JMYWV,0.24,False
3496-LFSZU,0.715,True
4795-WRNVT,0.11,False
3938-YFPXD,0.03,False
6651-AZVTJ,0.43,False
3658-KIBGF,0.395,False
4143-HHPMK,0.33,False
4821-WQOYN,0.005,False
4291-HYEBC,0.25,False
8849-AYPTR,0.32,False
3898-BSJYF,0.24,False
7562-GSUHK,0.305,False
3523-QRQLL,0.2,False
9661-JALZV,0.025,False
4670-TABXH,0.175,False
7966-YOTQW,0.21,False
3694-GLTJM,0.11,False
8835-VSDSE,0.555,True
3721-CNEYS,0.605,True
9667-TKTVZ,0.535,True
2927-CVULT,0.17,False
6595-YGXIT,0.66,True
0864-FVJNJ,0.23,False
4537-DKTAL,0.465,False
3466-WAESX,0.255,False
2483-XSSMZ,0.14,False
4163-KIUHY,0.045,False
8486-AYEQH,0.445,False
0516-WJVXC,0.265,False
5304-EFJLP,0.03,False
4137-BTIKL,0.6,True
2863-IMQDR,0.03,False
2930-UOTMB,0.11,False
5673-TIYIB,0.47,False
3645-DEYGF,0.255,False
1099-GODLO,0.255,False
1955-IBMMB,0.005,False
6857-VWJDT,0.785,True
6410-LEFEN,0.285,False
6692-UDPJC,0.465,False
7858-GTZSP,0.665,True
5232-NXPAY,0.06,False
1355-KUSBG,0.44,False
1174-FGIFN,0.325,False
8750-QWZAJ,0.0,False
7850-THJMU,0.0,False
0310-MVLET,0.255,False
2623-DRYAM,0.205,False
1905-OEILC,0.22,False
6899-PPEEA,0.695,True
3104-OWCGK,0.215,False
5287-QWLKY,0.125,False
2603-HVKCG,0.435,False
9845-QOMAD,0.005,False
4816-OKWNX,0.17,False
9103-CXVOK,0.355,False
2845-AFFTX,0.64,True
7776-QWNFX,0.17,False
1468-DEFNC,0.0,False
7905-NJMXS,0.235,False
1866-OBPNR,0.505,True
3720-DBRWL,0.02,False
5073-RZGBK,0.035,False
0129-QMPDR,0.005,False
2560-PPCHE,0.165,False
1496-GGSUK,0.72,True
4671-LXRDQ,0.41,False
9432-RUVSL,0.145,False
3992-YWPKO,0.51,True
8980-WQFWL,0.215,False
0212-ISBBF,0.455,False
7722-VJRQD,0.015,False
4135-FRWKJ,0.105,False
5161-UBZXI,0.03,False
5327-XOKKY,0.065,False
3988-RQIXO,0.855,True
0479-HMSWA,0.21,False
6923-AQONU,0.0,False
5562-YJQGT,0.105,False
7598-UAASY,0.79,True
7251-LJBQN,0.22,False
4910-GMJOT,0.91,True
0257-ZESQC,0.315,False
4765-OXPPD,0.22,False
6583-QGCSI,0.345,False
9805-FILKB,0.01,False
2706-QZIHY,0.03,False
7673-LPRNY,0.12,False
6778-YSNIH,0.35,False
9050-QLROH,0.355,False
0707-HOVVN,0.04,False
7102-JJVTX,0.055,False
1810-MVMAI,0.145,False
7993-NQLJE,0.25,False
9281-OFDMF,0.35,False
6789-HJBWG,0.17,False
2139-FQHLM,0.175,False
3723-BFBGR,0.16,False
0639-TSIQW,0.13,False
8626-PTQGE,0.035,False
3541-ZNUHK,0.235,False
4568-KNYWR,0.06,False
9658-WYUFB,0.595,True
0997-YTLNY,0.105,False
3208-YPIOE,0.32,False
7707-PYBBH,0.14,False
9313-QOLTZ,0.025,False
6654-QGBZZ,0.225,False
6877-LGWXO,0.48,False
8020-BWHYL,0.455,False
3594-IVHJZ,0.075,False
9507-EXLTT,0.815,True
9793-WECQC,0.3,False
1266-NZYUI,0.095,False
2342-CKIAO,0.04,False
6963-EZQEE,0.005,False
2796-NNUFI,0.005,False
3486-NPGST,0.005,False
9070-BCKQP,0.085,False
7742-MYPGI,0.25,False
9929-PLVPA,0.06,False
9124-LHCJQ,0.78,True
2792-LSHWX,0.555,True
9330-IJWIO,0.66,True
0617-AQNWT,0.05,False
0895-UADGO,0.15,False
7255-SSFBC,0.14,False
5834-ASPWA,0.82,True
4132-KALRO,0.67,True
8064-RAVOH,0.755,True
8028-PNXHQ,0.0,False
9508-ILZDG,0.51,True
4361-JEIVL,0.53,True
2430-USGXP,0.54,True
5965-GGPRW,0.075,False
2542-HYGIQ,0.09,False
1035-IPQPU,0.28,False
3617-XLSGQ,0.05,False
9107-UKCKY,0.15,False
5146-YYFRZ,0.01,False
5649-VUKMC,0.335,False
3472-OAOOR,0.15,False
0397-ZXWQF,0.01,False
1346-UFHAX,0.195,False
7252-NTGSS,0.45,False
3198-VELRD,0.72,True
3407-QGWLG,0.055,False
9874-QLCLH,0.575,True
8668-KNZTI,0.065,False
8249-THVEC,0.005,False
6060-DRTNL,0.545,True
6773-LQTVT,0.205,False
7853-GVUDZ,0.205,False
4897-QSUYC,0.545,True
5197-PYEPU,0.175,False
3785-NRHYR,0.45,False
6087-MVHJH,0.635,True
1685-VAYJF,0.265,False
9912-GVSEQ,0.595,True
4636-OLWOE,0.07,False
9600-UDOPK,0.33,False
8631-NBHFZ,0.01,False
1053-MXTTK,0.055,False
3549-ZTMNH,0.03,False
7825-ECJRF,0.465,False
6439-LAJXL,0.155,False
4075-WKNIU,0.165,False
8042-RNLKO,0.125,False
4881-JVQOD,0.4,False
9593-CVZKR,0.05,False
9972-EWRJS,0.005,False
9888-ZCUMM,0.02,False
1265-ZFOSD,0.005,False
6078-VESFR,0.39,False
0306-JAELE,0.62,True
7075-BNDVQ,0.245,False
2208-MPXIO,0.0,False
3096-GKWEB,0.5,False
7404-JLKQG,0.46,False
5049-GLYVG,0.235,False
6704-UTUKK,0.295,False
9397-TZSHA,0.03,False
4686-UXDML,0.515,True
3808-HFKDE,0.33,False
3580-HYCSP,0.065,False
9795-VOWON,0.33,False
2159-TURXX,0.115,False
0096-BXERS,0.42,False
6507-DTJZV,0.29,False
9962-BFPDU,0.495,False
4587-NUKOX,0.37,False
4060-LDNLU,0.7,True
2379-ENZGV,0.69,True
4877-EVATK,0.4,False
9442-JTWDL,0.03,False
2748-MYRVK,0.205,False
3966-HRMZA,0.545,True
2862-JVEOY,0.035,False
9489-DEDVP,0.035,False
9469-WEJBT,0.31,False
2384-OVPSA,0.015,False
2186-QZEYA,0.2,False
6202-JVYEU,0.045,False
6419-ZTTLE,0.07,False
1891-UAWWU,0.395,False
6963-KQYQB,0.02,False
2521-NPUZR,0.095,False
8242-SOQUO,0.555,True
9823-EALYC,0.0,False
2314-TNDJQ,0.01,False
9714-EDSUC,0.425,False
1383-EZRWL,0.045,False
6617-WLBQC,0.175,False
6652-YFFJO,0.255,False
1401-FTHFQ,0.005,False
1803-BGNBD,0.195,False
1470-PSXNM,0.24,False
9185-TQCVP,0.765,True
6481-LXPWL,0.075,False
5066-GFJMM,0.1,False
7519-JTWQH,0.075,False
9957-YODKZ,0.77,True
8430-TWCBX,0.075,False
5955-ERIHD,0.5,False
5186-SAMNZ,0.76,True
5759-RCVCB,0.35,False
0220-EBGCE,0.775,True
7427-AUFPY,0.02,False
3221-CJMSG,0.105,False
4194-FJARJ,0.035,False
8138-EALND,0.055,False
8345-MVDYC,0.03,False
6119-SPUDB,0.04,False
1202-KKGFU,0.16,False
6556-DBKZF,0.235,False
6339-DKLMK,0.55,True
1977-STDKI,0.625,True
4001-TSBTV,0.35,False
7912-SYRQT,0.565,True
4779-ZGICK,0.0,False
0670-ANMUU,0.115,False
8735-NBLWT,0.04,False
8930-XOTDP,0.19,False
6380-ARCEH,0.325,False
1167-OYZJF,0.015,False
1628-BIZYP,0.78,True
6284-KMNUF,0.16,False
4676-WLUHT,0.035,False
2138-VFAPZ,0.035,False
8648-PFRMP,0.495,False
8097-VBQTZ,0.08,False
6087-YPWHO,0.025,False
8109-YUOHE,0.04,False
3807-XHCJH,0.43,False
0524-IAVZO,0.61,True
8957-THMOA,0.01,False
7521-YXVZY,0.06,False
7077-XJMET,0.355,False
9625-QSTYE,0.525,True
7924-GJZFI,0.505,True
2034-GDRCN,0.85,True
4186-ZBUEW,0.225,False
4026-SKKHW,0.17,False
8548-AWOFC,0.13,False
0680-DFNNY,0.585,True
7501-IWUNG,0.045,False
7176-WRTNX,0.125,False
8450-UYIBU,0.63,True
1794-HBQTJ,0.325,False
1862-QRWPE,0.01,False
2996-XAUVF,0.07,False
7145-FEJWU,0.585,True
6710-HSJRD,0.28,False
7530-HDYDS,0.18,False
8042-JVNFH,0.605,True
5127-BZENZ,0.08,False
0876-WDUUZ,0.55,True
0356-ERHVT,0.275,False
9912-OMZDS,0.205,False
2275-RBYQS,0.635,True
0917-EZOLA,0.105,False
2749-CTKAJ,0.0,False
5160-UXJED,0.105,False
7244-QWYHG,0.06,False
4226-KKDON,0.165,False
7018-FPXHH,0.03,False
9897-KXHCM,0.64,True
1222-KJNZD,0.035,False
2452-KDRRH,0.375,False
6892-EZDTG,0.725,True
6980-CDGFC,0.1,False
5071-FBJFS,0.335,False
4018-PPNDW,0.02,False
9066-QRSDU,0.05,False
0318-ZOPWS,0.005,False
0419-YAAPX,0.21,False
9786-IJYDL,0.22,False
4195-PNGZS,0.0,False
9372-TXXPS,0.025,False
7734-DBOAI,0.42,False
2858-MOFSQ,0.08,False
8180-AKMJV,0.555,True
2690-DVRVK,0.04,False
1790-NESIO,0.0,False
8083-YTZES,0.715,True
0661-KBKPA,0.09,False
4139-DETXS,0.0,False
1395-WSWXR,0.005,False
9546-KDTRB,0.08,False
4291-HPAXL,0.42,False
6198-ZFIOJ,0.715,True
7472-EQOAV,0.075,False
5997-OPVFA,0.005,False
5236-XMZJY,0.085,False
3873-NFTGI,0.39,False
8695-WDYEA,0.31,False
4342-HENTK,0.805,True
8580-QVLOC,0.005,False
3143-JQEGI,0.45,False
4465-VDKIQ,0.26,False
0824-VWDPO,0.13,False
3162-KKZXO,0.555,True
8445-DNBAE,0.515,True
2111-DWYHN,0.26,False
2662-NNTDK,0.05,False
7502-BNYGS,0.13,False
5372-FBKBN,0.02,False
4597-NUCQV,0.62,True
0020-JDNXP,0.065,False
6599-GZWCM,0.18,False
4342-HFXWS,0.07,False
5035-PGZXH,0.315,False
8216-AZUUZ,0.19,False
5542-DHSXL,0.245,False
8498-XXGWA,0.105,False
6542-LWGXJ,0.455,False
6248-TKCQV,0.06,False
3068-OMWZA,0.88,True
2430-RRYUW,0.085,False
8292-TYSPY,0.085,False
4589-IUAJB,0.0,False
5693-PIPCS,0.07,False
7446-KQISO,0.295,False
0048-PIHNL,0.065,False
6284-AHOOQ,0.355,False
2805-EDJPQ,0.065,False
9103-TCIHJ,0.18,False
9402-ROUMJ,0.13,False
5562-BETPV,0.19,False
3167-SNQPL,0.355,False
0810-DHDBD,0.085,False
1776-SPBWV,0.02,False
9537-JALFH,0.0,False
0702-PGIBZ,0.67,True
3055-VTCGS,0.09,False
9548-LERKT,0.01,False
6794-HKIAJ,0.075,False
9531-NSBMR,0.015,False
6368-NWMCE,0.145,False
0643-OKLRP,0.31,False
9948-YPTDG,0.335,False
4879-GZLFH,0.36,False
8098-TDCBU,0.01,False
5122-CYFXA,0.455,False
9889-TMAHG,0.44,False
5357-TZHPP,0.65,True
1474-JUWSM,0.11,False
8399-YNDCH,0.22,False
3847-BAERP,0.03,False
9402-CXWPL,0.31,False
5049-MUBWG,0.065,False
4039-HEUNW,0.375,False
5803-NQJZO,0.02,False
4116-TZAQJ,0.31,False
9094-AZPHK,0.815,True
6121-TNHBO,0.12,False
1564-HJUVY,0.25,False
7407-SUJIZ,0.025,False
5468-BPMMO,0.03,False
9168-INPSZ,0.39,False
8942-DBMHZ,0.02,False
8705-WZCYL,0.63,True
0322-YINQP,0.24,False
7000-WCEVQ,0.255,False
9739-JLPQJ,0.06,False
2794-XIMMO,0.145,False
9565-AXSMR,0.015,False
2880-FPNAE,0.785,True
3316-UWXUY,0.145,False
9824-BEMCV,0.52,True
3256-EZDBI,0.225,False
1226-IENZN,0.615,True
2823-LKABH,0.305,False
6161-ERDGD,0.15,False
2137-DQMEV,0.04,False
2424-WVHPL,0.505,True
9945-PSVIP,0.075,False
2840-XANRC,0.415,False
8008-HAWED,0.455,False
0412-UCCNP,0.055,False
6402-SSEJG,0.2,False
8049-WJCLQ,0.265,False
2830-LEWOA,0.065,False
9780-FKVVF,0.185,False
5014-GSOUQ,0.005,False
0396-HUJBP,0.055,False
8356-WUAOJ,0.69,True
5442-BHQNG,0.835,True
5655-JSMZM,0.64,True
7065-YUNRY,0.6,True
5161-XEUVX,0.11,False
9068-FHQHD,0.005,False
8017-LXHFA,0.575,True
0786-IVLAW,0.23,False
6100-QQHEB,0.445,False
2642-DTVCO,0.84,True
0147-ESWWR,0.37,False
2335-GSODA,0.055,False
9602-WCXPI,0.0,False
0329-GTIAJ,0.63,True
8241-JUIQO,0.07,False
0581-MDMPW,0.245,False
9314-IJWSQ,0.55,True
8532-UEFWH,0.005,False
7861-UVUFT,0.545,True
8383-SGHJU,0.1,False
8755-IWJHN,0.21,False
0123-CRBRT,0.0,False
2223-GDSHL,0.025,False
8189-HBVRW,0.145,False
8495-PRWFH,0.205,False
6092-QZVPP,0.075,False
5129-JLPIS,0.33,False
1614-JBEBI,0.05,False
0637-YLETY,0.39,False
0135-NMXAP,0.56,True
7892-POOKP,0.55,True
8161-QYMTT,0.89,True
3001-CBHLQ,0.46,False
8945-GRKHX,0.83,True
4625-EWPTF,0.39,False
1343-EHPYB,0.26,False
0375-HVGXO,0.88,True
0330-BGYZE,0.21,False
5989-PGKJB,0.585,True
8752-GHJFU,0.1,False
4851-BQDNX,0.29,False
7240-FQLHE,0.39,False
6175-IRFIT,0.43,False
6538-POCHL,0.28,False
3078-ZKNTS,0.04,False
5777-KJIRB,0.07,False
7923-IYJWY,0.08,False
2810-FTLEM,0.255,False
1265-HVPZB,0.14,False
9796-BPKIW,0.41,False
9178-JHUVJ,0.005,False
4732-RRJZC,0.06,False
7010-BRBUU,0.005,False
9688-YGXVR,0.195,False
9286-DOJGF,0.485,False
6994-KERXL,0.335,False
2181-UAESM,0.455,False
4312-GVYNH,0.05,False
2495-KZNFB,0.375,False
4367-NHWMM,0.59,True
8898-KASCD,0.065,False
8016-NCFVO,0.155,False
4578-PHJYZ,0.065,False
2091-MJTFX,0.055,False
2277-DJJDL,0.305,False
2511-MORQY,0.035,False
2731-GJRDG,0.28,False
1784-EZDKJ,0.215,False
2468-SJFLM,0.555,True
5115-SQAAU,0.0,False
8708-XPXHZ,0.37,False
0601-WZHJF,0.37,False
0463-TXOAK,0.02,False
4683-WYDOU,0.25,False
1166-PQLGG,0.005,False
0963-ZBDRN,0.42,False
4871-JTKJF,0.96,True
7173-TETGO,0.085,False
4193-ORFCL,0.505,True
2692-PFYTJ,0.22,False
2369-UAPKZ,0.43,False
5193-QLVZB,0.14,False
0379-DJQHR,0.015,False
4657-FWVFY,0.255,False
0623-EJQEG,0.235,False
1699-TLDLZ,0.01,False
4501-UYKBC,0.165,False
8158-WPEZG,0.27,False
9732-EQMWY,0.37,False
1099-BTKWT,0.24,False
4815-TUMEQ,0.045,False
6407-UTSLV,0.605,True
0018-NYROU,0.62,True
4632-XJMEX,0.04,False
1409-PHXTF,0.11,False
8229-TNIQA,0.425,False
0529-ONKER,0.41,False
3675-YDUPJ,0.075,False
4484-CGXFK,0.375,False
4443-EMBNA,0.0,False
4280-DLSHD,0.27,False
9300-AGZNL,0.93,True
2789-CZANW,0.02,False
8464-EETCQ,0.035,False
7216-EWTRS,0.895,True
4468-KAZHE,0.2,False
8623-ULFNQ,0.255,False
9317-WZPGV,0.81,True
8947-YRTDV,0.115,False
1814-DKOLC,0.065,False
8071-SBTRN,0.12,False
4701-MLJPN,0.115,False
1205-WNWPJ,0.27,False
6158-HDPXZ,0.34,False
6683-VLCTZ,0.785,True
3727-OWVYD,0.075,False
0856-NAOES,0.31,False
0562-FGDCR,0.02,False
0956-SYCWG,0.04,False
2277-VWCNI,0.6,True
3498-LZGQZ,0.04,False
9135-MGVPY,0.0,False
3815-SLMEF,0.145,False
4513-CXYIX,0.16,False
8944-AILEF,0.08,False
1270-XKUCC,0.0,False
6633-SYEUS,0.195,False
8075-GXIUB,0.07,False
6016-NXBNJ,0.02,False
9332-GYWLO,0.375,False
3276-HDUEG,0.63,True
5884-FBCTL,0.0,False
8999-YPYBV,0.02,False
1522-VVDMG,0.44,False
0848-SOMKO,0.02,False
1657-DYMBM,0.015,False
6923-EFPNL,0.36,False
2167-FQSTQ,0.005,False
9286-BHDQG,0.01,False
7225-CBZPL,0.66,True
5605-IYGFG,0.48,False
6861-OKBCE,0.01,False
7571-YXDAD,0.765,True
0254-FNMCI,0.085,False
8981-FJGLA,0.445,False
8414-MYSHR,0.59,True
9274-CNFMO,0.525,True
3794-NFNCH,0.205,False
5158-RIVOP,0.005,False
1100-DDVRV,0.44,False
9522-BNTHX,0.345,False
3677-IYRBF,0.85,True
7009-PCARS,0.04,False
8250-ZNGGW,0.325,False
0967-BMLBD,0.11,False
7594-RQHXR,0.79,True
8966-SNIZF,0.005,False
7235-NXZCP,0.655,True
0122-OAHPZ,0.515,True
7815-PDTHL,0.015,False
8331-ZXFOE,0.09,False
8901-UPRHR,0.13,False
3563-SVYLG,0.0,False
3205-MXZRA,0.055,False
5392-AKEMH,0.475,False
8201-AAXCB,0.225,False
6919-ELBGL,0.015,False
0530-IJVDB,0.115,False
5047-LHVLY,0.635,True
8404-FYDIB,0.29,False
3415-TAILE,0.51,True
2819-GWENI,0.005,False
6164-HXUGH,0.085,False
6762-QVYJO,0.015,False
5046-NUHWD,0.42,False
0106-GHRQR,0.205,False
8374-XGEJJ,0.535,True
2546-KZAAT,0.095,False
7569-NMZYQ,0.075,False
3279-DYZQM,0.01,False
0374-FIUCA,0.01,False
3714-NTNFO,0.515,True
8705-DWKTI,0.145,False
4195-SMMNX,0.035,False
2599-CIPQE,0.03,False
5136-GFPMB,0.265,False
6476-YHMGA,0.14,False
3055-MJDSB,0.41,False
7516-GMHUV,0.235,False
5940-NFXKV,0.49,False
3597-YASZG,0.035,False
3786-WOVKF,0.145,False
2806-MLNTI,0.28,False
0799-DDIHE,0.31,False
9926-PJHDQ,0.065,False
0334-GDDSO,0.785,True
2371-KFUOG,0.135,False
4634-JLRJT,0.425,False
5886-VLQVU,0.2,False
3194-ORPIK,0.27,False
6048-NJXHX,0.035,False
7860-KSUGX,0.05,False
2925-MXLSX,0.105,False
2933-FILNV,0.465,False
7758-XKCBS,0.32,False
2027-DNKIV,0.04,False
4751-ERMAN,0.065,False
8224-KDLKN,0.0,False
7929-SKFGK,0.06,False
8329-IBCTI,0.2,False
5016-IBERQ,0.39,False
5405-ZMYXQ,0.475,False
7841-TZDMQ,0.435,False
9754-CLVZW,0.145,False
9503-XJUME,0.01,False
3298-QEICA,0.075,False
9420-LOJKX,0.465,False
3391-JSQEW,0.125,False
4939-KYYPY,0.08,False
2061-VVFST,0.14,False
6480-YAGIY,0.18,False
0330-IVZHA,0.575,True
7161-DFHUF,0.005,False
1260-TTRXI,0.44,False
8577-QSOCG,0.04,False
8963-JLGJT,0.335,False
3266-FTKHB,0.03,False
6122-LJADA,0.005,False
8710-YGLWG,0.48,False
6463-HHXJR,0.09,False
9576-SYUHJ,0.425,False
9289-LBQVU,0.125,False
2207-QPJED,0.275,False
6990-YNRIO,0.05,False
0489-WMEMG,0.175,False
2189-UXTKY,0.225,False
7105-MXJLL,0.12,False
7133-VBDCG,0.215,False
9933-QRGTX,0.09,False
6356-ELRKD,0.75,True
2194-IIQOF,0.0,False
8063-GBATB,0.63,True
9611-CTWIH,0.745,True
3571-DPYUH,0.07,False
8519-QJGJD,0.35,False
5846-NEQVZ,0.035,False
6022-KOUQO,0.43,False
7205-BAIAD,0.0,False
9574-BOSMD,0.005,False
4884-TVUQF,0.07,False
6439-GTPCA,0.405,False
3795-CAWEX,0.055,False
7821-DPRQE,0.215,False
4983-CLMLV,0.22,False
2380-DAMQP,0.035,False
7534-BFESC,0.685,True
6695-FRVEC,0.035,False
0361-HJRDX,0.005,False
0354-VXMJC,0.0,False
6559-ILWKJ,0.195,False
9895-VFOXH,0.29,False
8229-BUJHX,0.0,False
4476-OSWTN,0.23,False
2995-UPRYS,0.25,False
9208-OLGAQ,0.49,False
4124-MMETB,0.365,False
8882-TLVRW,0.025,False
2957-JIRMN,0.34,False
3646-ITDGM,0.03,False
2673-ZALNP,0.015,False
9975-SKRNR,0.32,False
3724-UCSHY,0.075,False
0259-GBZSH,0.815,True
7130-CTCUS,0.21,False
8150-QUDFX,0.06,False
8218-FFJDS,0.015,False
8259-NFJTV,0.22,False
7909-FIOIY,0.21,False
3317-VLGQT,0.505,True
2722-VOJQL,0.25,False
0584-BJQGZ,0.095,False
6732-VAILE,0.01,False
1302-TPUBN,0.075,False
8380-PEFPE,0.81,True
7402-PWYJJ,0.2,False
4250-FDVOU,0.19,False
9128-CPXKI,0.255,False
4183-WCSEP,0.27,False
0404-SWRVG,0.74,True
6227-HWPWX,0.34,False
1899-VXWXM,0.25,False
8450-JOVAH,0.345,False
4550-VBOFE,0.415,False
9546-CQJSU,0.745,True
4789-KWMXN,0.21,False
0835-DUUIQ,0.07,False
1855-AGAWH,0.44,False
9079-YEXQJ,0.26,False
3577-AMVUX,0.585,True
2316-ESMLS,0.075,False
9426-SXNHE,0.17,False
8550-XSXUQ,0.145,False
0723-DRCLG,0.825,True
2176-OSJUV,0.03,False
0107-WESLM,0.255,False
8626-XHBIE,0.0,False
0188-GWFLE,0.045,False
8166-ZZTFS,0.05,False
5774-QPLTF,0.02,False
0929-PECLO,0.34,False
5696-QURRL,0.525,True
8124-NZVGJ,0.3,False
4130-MZLCC,0.37,False
4489-SNOJF,0.14,False
8984-HPEMB,0.055,False
4615-PIVVU,0.16,False
6848-HJTXY,0.0,False
8757-TFHHJ,0.265,False
4603-JANFB,0.875,True
8565-HBFNN,0.135,False
7422-WNBTY,0.4,False
4712-UYOOI,0.065,False
3372-CDXFJ,0.03,False
5353-WILCI,0.14,False
0988-AADSA,0.015,False
8270-RKSAP,0.56,True
5954-BDFSG,0.185,False
5792-JALQC,0.08,False
2202-OUTMO,0.09,False
9028-LIHRP,0.025,False
9150-KPBJQ,0.06,False
4003-OCTMP,0.1,False
8775-LHDJH,0.735,True
6770-UAYGJ,0.0,False
7596-IIWYC,0.0,False
0887-WBJVH,0.2,False
8840-DQLGN,0.235,False
8413-VONUO,0.435,False
9281-PKKZE,0.325,False
5186-PEIZU,0.085,False
6339-YPSAH,0.505,True
2324-EFHVG,0.13,False
1918-ZBFQJ,0.57,True
6968-GMKPR,0.32,False
3062-ICYZQ,0.185,False
2233-FAGXV,0.205,False
6017-PPLPX,0.6,True
1982-FEBTD,0.035,False
9705-IOVQQ,0.225,False
6288-CHQJB,0.02,False
3315-TOTBP,0.39,False
6096-EGVTU,0.02,False
2937-FTHUR,0.3,False
4062-HBMOS,0.475,False
2387-KDZQY,0.005,False
4609-KNNWG,0.0,False
0409-WTMPL,0.2,False
3766-EJLFL,0.165,False
4232-JGKIY,0.335,False
0334-ZFJSR,0.09,False
6582-OIVSP,0.47,False
8661-BOYNW,0.01,False
4257-GAESD,0.395,False
8785-CJSHH,0.37,False
5469-CTCWN,0.13,False
2839-RFSQE,0.05,False
4890-VMUAV,0.03,False
3365-SAIGS,0.53,True
0946-CLJTI,0.505,True
3920-HIHMQ,0.115,False
5307-UVGNB,0.11,False
8780-RSYYU,0.015,False
0742-NXBGR,0.75,True
8067-NIOYM,0.01,False
5916-QEWPT,0.345,False
1029-QFBEN,0.305,False
9251-WNSOD,0.055,False
6576-FBXOJ,0.205,False
2501-XWWTZ,0.25,False
6080-LNESI,0.005,False
7245-NIIWQ,0.575,True
6567-HOOPW,0.905,True
4550-EVXNY,0.88,True
6437-UDQJM,0.025,False
0297-RBCSG,0.175,False
2097-YVPKN,0.005,False
0853-NWIFK,0.245,False
4853-OITSN,0.485,False
6128-DAFVY,0.215,False
1197-BVMVG,0.8,True
7508-DQAKK,0.01,False
9938-PRCVK,0.005,False
0289-IVARM,0.065,False
8260-NGFNY,0.245,False
7074-IEVOJ,0.77,True
6614-YWYSC,0.0,False
8473-VUVJN,0.84,True
6693-DJWTY,0.095,False
3655-SNQYZ,0.015,False
2845-KDHVX,0.015,False
5027-YOCXN,0.17,False
8884-MRNSU,0.02,False
0567-XRHCU,0.025,False
5868-CZJDR,0.4,False
